"Longitude (x)","Latitude (y)","Station Name","Climate ID","Date/Time","Year","Month","Day","Data Quality","Max Temp (°C)","Max Temp Flag","Min Temp (°C)","Min Temp Flag","Mean Temp (°C)","Mean Temp Flag","Heat Deg Days (°C)","Heat Deg Days Flag","Cool Deg Days (°C)","Cool Deg Days Flag","Total Rain (mm)","Total Rain Flag","Total Snow (cm)","Total Snow Flag","Total Precip (mm)","Total Precip Flag","Snow on Grnd (cm)","Snow on Grnd Flag","Dir of Max Gust (10s deg)","Dir of Max Gust Flag","Spd of Max Gust (km/h)","Spd of Max Gust Flag"
"-79.63","43.68","TORONTO INTL A","6158731","2018-01-01","2018","01","01","","-8.7","","-21.3","","-15.0","","33.0","","0.0","","0.0","","0.0","T","0.0","T","11","","28","","54",""
"-79.63","43.68","TORONTO INTL A","6158731","2018-01-02","2018","01","02","","-7.8","","-13.1","","-10.5","","28.5","","0.0","","0.0","","1.0","","1.0","","11","","24","","59",""
"-79.63","43.68","TORONTO INTL A","6158731","2018-01-03","2018","01","03","","-6.3","","-13.5","","-9.9","","27.9","","0.0","","0.0","","0.0","T","0.0","T","10","","22","","44",""
"-79.63","43.68","TORONTO INTL A","6158731","2018-01-04","2018","01","04","","-8.9","","-20.5","","-14.7","","32.7","","0.0","","0.0","","0.0","T","0.0","T","9","","32","","65",""
"-79.63","43.68","TORONTO INTL A","6158731","2018-01-05","2018","01","05","","-15.0","","-23.0","","-19.0","","37.0","","0.0","","0.0","","0.0","T","0.0","T","8","","31","","50",""
"-79.63","43.68","TORONTO INTL A","6158731","2018-01-06","2018","01","06","","-16.4","","-23.5","","-20.0","","38.0","","0.0","","0.0","","0.0","","0.0","","7","","30","","32",""
"-79.63","43.68","TORONTO INTL A","6158731","2018-01-07","2018","01","07","","-2.0","","-20.9","","-11.5","","29.5","","0.0","","0.2","","0.2","","0.4","","7","","22","","52",""
"-79.63","43.68","TORONTO INTL A","6158731","2018-01-08","2018","01","08","","2.2","","-2.6","","-0.2","","18.2","","0.0","","0.6","","4.0","","4.2","","9","","25","","50",""
"-79.63","43.68","TORONTO INTL A","6158731","2018-01-09","2018","01","09","","0.6","","-2.5","","-1.0","","19.0","","0.0","","0.0","","0.0","T","0.0","T","7","","31","","39",""
"-79.63","43.68","TORONTO INTL A","6158731","2018-01-10","2018","01","10","","6.6","","-4.9","","0.9","","17.1","","0.0","","2.6","","0.0","","2.6","","6","","","","<31",""
"-79.63","43.68","TORONTO INTL A","6158731","2018-01-11","2018","01","11","","12.6","","4.5","","8.6","","9.4","","0.0","","7.0","","0.0","","7.0","","2","","21","","37",""
"-79.63","43.68","TORONTO INTL A","6158731","2018-01-12","2018","01","12","","12.2","","-12.6","","-0.2","","18.2","","0.0","","10.2","","3.4","","14.2","","3","","32","","67",""
"-79.63","43.68","TORONTO INTL A","6158731","2018-01-13","2018","01","13","","-11.6","","-16.9","","-14.3","","32.3","","0.0","","0.0","","0.0","","0.0","","3","","34","","61",""
"-79.63","43.68","TORONTO INTL A","6158731","2018-01-14","2018","01","14","","-6.5","","-17.3","","-11.9","","29.9","","0.0","","0.0","","0.0","","0.0","","1","","14","","35",""
"-79.63","43.68","TORONTO INTL A","6158731","2018-01-15","2018","01","15","","-6.5","","-9.0","","-7.8","","25.8","","0.0","","0.0","","4.4","","3.8","","1","","11","","56",""
"-79.63","43.68","TORONTO INTL A","6158731","2018-01-16","2018","01","16","","-3.1","","-10.3","","-6.7","","24.7","","0.0","","0.0","","1.6","","1.4","","5","","","","<31",""
"-79.63","43.68","TORONTO INTL A","6158731","2018-01-17","2018","01","17","","-5.5","","-14.4","","-10.0","","28.0","","0.0","","0.0","","0.4","","0.4","","5","","22","","48",""
"-79.63","43.68","TORONTO INTL A","6158731","2018-01-18","2018","01","18","","-4.1","","-9.1","","-6.6","","24.6","","0.0","","0.0","","0.0","T","0.0","T","7","","25","","37",""
"-79.63","43.68","TORONTO INTL A","6158731","2018-01-19","2018","01","19","","2.0","","-6.4","","-2.2","","20.2","","0.0","","0.0","","0.0","","0.0","","5","","22","","54",""
"-79.63","43.68","TORONTO INTL A","6158731","2018-01-20","2018","01","20","","6.2","","-0.3","","3.0","","15.0","","0.0","","0.0","","0.0","","0.0","","3","","22","","41",""
"-79.63","43.68","TORONTO INTL A","6158731","2018-01-21","2018","01","21","","4.2","","-2.0","","1.1","","16.9","","0.0","","1.0","","0.0","","1.0","","0","T","23","","30",""
"-79.63","43.68","TORONTO INTL A","6158731","2018-01-22","2018","01","22","","2.4","","0.6","","1.5","","16.5","","0.0","","14.4","","0.0","","14.4","","0","T","10","","41",""
"-79.63","43.68","TORONTO INTL A","6158731","2018-01-23","2018","01","23","","7.1","","-5.2","","1.0","","17.0","","0.0","","3.4","","0.0","T","3.4","","0","T","34","","69",""
"-79.63","43.68","TORONTO INTL A","6158731","2018-01-24","2018","01","24","","-4.9","","-10.8","","-7.9","","25.9","","0.0","","0.0","","0.0","T","0.0","T","","","28","","56",""
"-79.63","43.68","TORONTO INTL A","6158731","2018-01-25","2018","01","25","","-2.5","","-11.2","","-6.9","","24.9","","0.0","","0.0","","0.0","T","0.0","T","0","T","","","<31",""
"-79.63","43.68","TORONTO INTL A","6158731","2018-01-26","2018","01","26","","5.7","","-2.6","","1.6","","16.4","","0.0","","0.0","","0.0","","0.0","","0","T","12","","32",""
"-79.63","43.68","TORONTO INTL A","6158731","2018-01-27","2018","01","27","","9.6","","0.3","","5.0","","13.0","","0.0","","1.6","","0.0","","1.6","","","","24","","59",""
"-79.63","43.68","TORONTO INTL A","6158731","2018-01-28","2018","01","28","","5.2","","-3.0","","1.1","","16.9","","0.0","","0.0","","0.0","","0.0","","","","27","","33",""
"-79.63","43.68","TORONTO INTL A","6158731","2018-01-29","2018","01","29","","-1.9","","-6.7","","-4.3","","22.3","","0.0","","0.0","","5.2","","5.2","","0","T","0","","39",""
"-79.63","43.68","TORONTO INTL A","6158731","2018-01-30","2018","01","30","","-6.5","","-15.4","","-11.0","","29.0","","0.0","","0.0","","0.4","","0.4","","5","","35","","52",""
"-79.63","43.68","TORONTO INTL A","6158731","2018-01-31","2018","01","31","","2.1","","-15.1","","-6.5","","24.5","","0.0","","0.0","","0.8","","0.8","","3","","16","","43",""
"-79.63","43.68","TORONTO INTL A","6158731","2018-02-01","2018","02","01","","4.6","","-10.4","","-2.9","","20.9","","0.0","","0.0","","0.0","T","0.0","T","3","","26","","59",""
"-79.63","43.68","TORONTO INTL A","6158731","2018-02-02","2018","02","02","","-9.5","","-15.7","","-12.6","","30.6","","0.0","","0.0","","0.0","T","0.0","T","0","T","31","","52",""
"-79.63","43.68","TORONTO INTL A","6158731","2018-02-03","2018","02","03","","-2.3","","-10.9","","-6.6","","24.6","","0.0","","0.0","","1.8","","1.8","","0","T","26","","43",""
"-79.63","43.68","TORONTO INTL A","6158731","2018-02-04","2018","02","04","","1.5","","-9.0","","-3.8","","21.8","","0.0","","0.2","","5.2","","5.0","","3","","32","","69",""
"-79.63","43.68","TORONTO INTL A","6158731","2018-02-05","2018","02","05","","-7.8","","-14.1","","-11.0","","29.0","","0.0","","0.0","","0.0","T","0.0","T","4","","32","","52",""
"-79.63","43.68","TORONTO INTL A","6158731","2018-02-06","2018","02","06","","-4.8","","-11.3","","-8.1","","26.1","","0.0","","0.0","","0.2","","0.2","","3","","25","","41",""
"-79.63","43.68","TORONTO INTL A","6158731","2018-02-07","2018","02","07","","-4.8","","-13.2","","-9.0","","27.0","","0.0","","0.0","","7.4","","6.6","","3","","35","","43",""
"-79.63","43.68","TORONTO INTL A","6158731","2018-02-08","2018","02","08","","-6.6","","-13.1","","-9.9","","27.9","","0.0","","0.0","","0.0","T","0.0","T","9","","29","","52",""
"-79.63","43.68","TORONTO INTL A","6158731","2018-02-09","2018","02","09","","-5.3","","-10.9","","-8.1","","26.1","","0.0","","0.0","","6.8","","6.0","","9","","","","<31",""
"-79.63","43.68","TORONTO INTL A","6158731","2018-02-10","2018","02","10","","-4.4","","-6.7","","-5.6","","23.6","","0.0","","0.0","","6.4","","5.6","","14","","","","<31",""
"-79.63","43.68","TORONTO INTL A","6158731","2018-02-11","2018","02","11","","-1.3","","-7.2","","-4.3","","22.3","","0.0","","0.0","","1.0","","3.4","","19","","29","","50",""
"-79.63","43.68","TORONTO INTL A","6158731","2018-02-12","2018","02","12","","-3.0","","-12.2","","-7.6","","25.6","","0.0","","0.0","","0.0","T","0.0","T","18","","28","","41",""
"-79.63","43.68","TORONTO INTL A","6158731","2018-02-13","2018","02","13","","-2.2","","-14.1","","-8.2","","26.2","","0.0","","0.0","","0.0","T","0.0","T","16","","","","<31",""
"-79.63","43.68","TORONTO INTL A","6158731","2018-02-14","2018","02","14","","5.2","","-4.2","","0.5","","17.5","","0.0","","0.0","","0.0","","0.0","","14","","24","","37",""
"-79.63","43.68","TORONTO INTL A","6158731","2018-02-15","2018","02","15","","8.0","","2.6","","5.3","","12.7","","0.0","","0.0","","0.0","","0.0","","6","","24","","43",""
"-79.63","43.68","TORONTO INTL A","6158731","2018-02-16","2018","02","16","","3.3","","-7.2","","-2.0","","20.0","","0.0","","0.0","","0.0","","0.0","","0","T","32","","61",""
"-79.63","43.68","TORONTO INTL A","6158731","2018-02-17","2018","02","17","","-0.4","","-7.7","","-4.1","","22.1","","0.0","","0.0","","0.0","","0.0","","0","T","20","","33",""
"-79.63","43.68","TORONTO INTL A","6158731","2018-02-18","2018","02","18","","4.2","","-3.5","","0.4","","17.6","","0.0","","0.0","","0.0","","0.0","","0","T","27","","39",""
"-79.63","43.68","TORONTO INTL A","6158731","2018-02-19","2018","02","19","","4.2","","-2.8","","0.7","","17.3","","0.0","","13.4","","0.0","","13.4","","0","T","","","<31",""
"-79.63","43.68","TORONTO INTL A","6158731","2018-02-20","2018","02","20","","16.5","","2.8","","9.7","","8.3","","0.0","","7.6","","0.0","","7.6","","0","T","22","","52",""
"-79.63","43.68","TORONTO INTL A","6158731","2018-02-21","2018","02","21","","14.6","","-2.3","","6.2","","11.8","","0.0","","8.0","","0.0","","8.0","","","","35","","50",""
"-79.63","43.68","TORONTO INTL A","6158731","2018-02-22","2018","02","22","","2.0","","-3.2","","-0.6","","18.6","","0.0","","0.0","","0.0","","0.0","","","","34","","33",""
"-79.63","43.68","TORONTO INTL A","6158731","2018-02-23","2018","02","23","","6.3","","-1.0","","2.7","","15.3","","0.0","","3.0","","0.0","","3.0","","","","29","","46",""
"-79.63","43.68","TORONTO INTL A","6158731","2018-02-24","2018","02","24","","4.9","","0.9","","2.9","","15.1","","0.0","","0.0","T","0.0","","0.0","T","","","10","","54",""
"-79.63","43.68","TORONTO INTL A","6158731","2018-02-25","2018","02","25","","12.0","","1.0","","6.5","","11.5","","0.0","","4.8","","0.0","","4.8","","","","25","","69",""
"-79.63","43.68","TORONTO INTL A","6158731","2018-02-26","2018","02","26","","7.7","","-1.2","","3.3","","14.7","","0.0","","0.0","","0.0","","0.0","","","","26","","46",""
"-79.63","43.68","TORONTO INTL A","6158731","2018-02-27","2018","02","27","","13.7","","-1.4","","6.2","","11.8","","0.0","","0.0","","0.0","","0.0","","","","25","","63",""
"-79.63","43.68","TORONTO INTL A","6158731","2018-02-28","2018","02","28","","16.2","","1.8","","9.0","","9.0","","0.0","","0.0","","0.0","","0.0","","","","35","","46",""
"-79.63","43.68","TORONTO INTL A","6158731","2018-03-01","2018","03","01","","4.2","","-0.6","","1.8","","16.2","","0.0","","0.2","","0.6","","0.8","","1","","2","","69",""
"-79.63","43.68","TORONTO INTL A","6158731","2018-03-02","2018","03","02","","4.1","","-2.2","","1.0","","17.0","","0.0","","0.0","","0.4","","0.4","","1","","35","","65",""
"-79.63","43.68","TORONTO INTL A","6158731","2018-03-03","2018","03","03","","3.9","","-3.9","","0.0","","18.0","","0.0","","0.0","","0.0","","0.0","","","","1","","54",""
"-79.63","43.68","TORONTO INTL A","6158731","2018-03-04","2018","03","04","","2.0","","-4.4","","-1.2","","19.2","","0.0","","0.0","","0.0","","0.0","","","","35","","46",""
"-79.63","43.68","TORONTO INTL A","6158731","2018-03-05","2018","03","05","","4.5","","-6.3","","-0.9","","18.9","","0.0","","0.0","","0.0","","0.0","","","","35","","37",""
"-79.63","43.68","TORONTO INTL A","6158731","2018-03-06","2018","03","06","","1.3","","-1.6","","-0.2","","18.2","","0.0","","0.0","","0.0","T","0.0","T","0","T","11","","48",""
"-79.63","43.68","TORONTO INTL A","6158731","2018-03-07","2018","03","07","","2.6","","-1.5","","0.6","","17.4","","0.0","","0.0","","0.2","","0.2","","","","25","","43",""
"-79.63","43.68","TORONTO INTL A","6158731","2018-03-08","2018","03","08","","-0.6","","-3.4","","-2.0","","20.0","","0.0","","0.0","","0.0","T","0.0","T","","","26","","43",""
"-79.63","43.68","TORONTO INTL A","6158731","2018-03-09","2018","03","09","","4.4","","-3.8","","0.3","","17.7","","0.0","","0.0","","0.4","","0.4","","","","30","","52",""
"-79.63","43.68","TORONTO INTL A","6158731","2018-03-10","2018","03","10","","2.4","","-4.2","","-0.9","","18.9","","0.0","","0.0","","0.0","T","0.0","T","","","31","","39",""
"-79.63","43.68","TORONTO INTL A","6158731","2018-03-11","2018","03","11","","3.0","","-4.6","","-0.8","","18.8","","0.0","","0.0","","0.0","","0.0","","","","32","","32",""
"-79.63","43.68","TORONTO INTL A","6158731","2018-03-12","2018","03","12","","0.0","","-3.7","","-1.9","","19.9","","0.0","","0.0","","5.8","","2.8","","0","T","","","<31",""
"-79.63","43.68","TORONTO INTL A","6158731","2018-03-13","2018","03","13","","1.4","","-4.2","","-1.4","","19.4","","0.0","","0.0","","0.0","T","0.0","T","5","","33","","46",""
"-79.63","43.68","TORONTO INTL A","6158731","2018-03-14","2018","03","14","","1.2","","-4.9","","-1.9","","19.9","","0.0","","0.0","","0.0","T","0.0","T","1","","27","","59",""
"-79.63","43.68","TORONTO INTL A","6158731","2018-03-15","2018","03","15","","4.8","","-5.3","","-0.3","","18.3","","0.0","","0.0","","1.4","","1.4","","0","T","33","","50",""
"-79.63","43.68","TORONTO INTL A","6158731","2018-03-16","2018","03","16","","-0.1","","-7.4","","-3.8","","21.8","","0.0","","0.0","","0.0","T","0.0","T","1","","28","","56",""
"-79.63","43.68","TORONTO INTL A","6158731","2018-03-17","2018","03","17","","6.3","","-6.3","","0.0","","18.0","","0.0","","0.0","","0.0","","0.0","","0","T","29","","48",""
"-79.63","43.68","TORONTO INTL A","6158731","2018-03-18","2018","03","18","","10.5","","-6.4","","2.1","","15.9","","0.0","","0.0","","0.0","","0.0","","","","14","","63",""
"-79.63","43.68","TORONTO INTL A","6158731","2018-03-19","2018","03","19","","0.3","","-7.6","","-3.7","","21.7","","0.0","","0.0","","0.0","","0.0","","","","4","","30",""
"-79.63","43.68","TORONTO INTL A","6158731","2018-03-20","2018","03","20","","3.4","","-7.8","","-2.2","","20.2","","0.0","","0.0","","0.0","","0.0","","","","10","","37",""
"-79.63","43.68","TORONTO INTL A","6158731","2018-03-21","2018","03","21","","5.0","","-4.8","","0.1","","17.9","","0.0","","0.0","","0.0","","0.0","","","","1","","41",""
"-79.63","43.68","TORONTO INTL A","6158731","2018-03-22","2018","03","22","","5.3","","-4.2","","0.6","","17.4","","0.0","","0.0","","0.0","","0.0","","","","0","","48",""
"-79.63","43.68","TORONTO INTL A","6158731","2018-03-23","2018","03","23","","4.3","","-4.4","","-0.1","","18.1","","0.0","","0.0","","0.0","","0.0","","","","36","","48",""
"-79.63","43.68","TORONTO INTL A","6158731","2018-03-24","2018","03","24","","2.9","","-5.6","","-1.4","","19.4","","0.0","","0.0","","0.0","","0.0","","","","35","","48",""
"-79.63","43.68","TORONTO INTL A","6158731","2018-03-25","2018","03","25","","3.4","","-8.0","","-2.3","","20.3","","0.0","","0.0","","0.0","","0.0","","","","11","","35",""
"-79.63","43.68","TORONTO INTL A","6158731","2018-03-26","2018","03","26","","9.2","","-2.4","","3.4","","14.6","","0.0","","0.0","","0.0","","0.0","","","","9","","44",""
"-79.63","43.68","TORONTO INTL A","6158731","2018-03-27","2018","03","27","","7.1","","2.5","","4.8","","13.2","","0.0","","4.4","","0.0","","4.4","","","","13","","32",""
"-79.63","43.68","TORONTO INTL A","6158731","2018-03-28","2018","03","28","","8.1","","2.0","","5.1","","12.9","","0.0","","0.0","","0.0","","0.0","","","","34","","33",""
"-79.63","43.68","TORONTO INTL A","6158731","2018-03-29","2018","03","29","","6.5","","0.9","","3.7","","14.3","","0.0","","17.2","","0.0","","17.2","","","","36","","37",""
"-79.63","43.68","TORONTO INTL A","6158731","2018-03-30","2018","03","30","","5.3","","-2.1","","1.6","","16.4","","0.0","","0.2","","0.0","","0.2","","","","33","","54",""
"-79.63","43.68","TORONTO INTL A","6158731","2018-03-31","2018","03","31","","9.1","","-1.3","","3.9","","14.1","","0.0","","4.8","","0.0","","4.8","","","","22","","72",""
"-79.63","43.68","TORONTO INTL A","6158731","2018-04-01","2018","04","01","","3.6","","-3.7","","-0.1","","18.1","","0.0","","0.0","","0.0","","0.0","","","","30","","74",""
"-79.63","43.68","TORONTO INTL A","6158731","2018-04-02","2018","04","02","","7.3","","-3.5","","1.9","","16.1","","0.0","","0.0","","0.0","","0.0","","","","24","","35",""
"-79.63","43.68","TORONTO INTL A","6158731","2018-04-03","2018","04","03","","4.8","","1.7","","3.3","","14.7","","0.0","","20.8","","0.0","","20.8","","","","11","","46",""
"-79.63","43.68","TORONTO INTL A","6158731","2018-04-04","2018","04","04","","5.1","","-4.7","","0.2","","17.8","","0.0","","4.8","","0.0","T","4.8","","","","28","","96",""
"-79.63","43.68","TORONTO INTL A","6158731","2018-04-05","2018","04","05","","2.0","","-5.4","","-1.7","","19.7","","0.0","","0.0","","0.0","T","0.0","T","0","T","27","","48",""
"-79.63","43.68","TORONTO INTL A","6158731","2018-04-06","2018","04","06","","4.9","","-3.7","","0.6","","17.4","","0.0","","0.2","","1.4","","1.8","","1","","29","","69",""
"-79.63","43.68","TORONTO INTL A","6158731","2018-04-07","2018","04","07","","0.9","","-6.1","","-2.6","","20.6","","0.0","","0.0","","0.0","T","0.0","T","","","31","","54",""
"-79.63","43.68","TORONTO INTL A","6158731","2018-04-08","2018","04","08","","1.8","","-5.5","","-1.9","","19.9","","0.0","","0.0","","0.0","","0.0","","","","30","","50",""
"-79.63","43.68","TORONTO INTL A","6158731","2018-04-09","2018","04","09","","3.3","","-5.5","","-1.1","","19.1","","0.0","","0.0","","0.0","T","0.0","T","0","T","","","<31",""
"-79.63","43.68","TORONTO INTL A","6158731","2018-04-10","2018","04","10","","6.5","","-3.2","","1.7","","16.3","","0.0","","0.4","","0.4","","0.4","","0","T","26","","39",""
"-79.63","43.68","TORONTO INTL A","6158731","2018-04-11","2018","04","11","","5.5","","-0.3","","2.6","","15.4","","0.0","","1.2","","0.0","","1.2","","","","24","","44",""
"-79.63","43.68","TORONTO INTL A","6158731","2018-04-12","2018","04","12","","15.9","","-2.1","","6.9","","11.1","","0.0","","2.6","","0.0","","2.6","","","","31","","46",""
"-79.63","43.68","TORONTO INTL A","6158731","2018-04-13","2018","04","13","","5.9","","1.6","","3.8","","14.2","","0.0","","7.4","","0.0","","7.4","","","","35","","30",""
"-79.63","43.68","TORONTO INTL A","6158731","2018-04-14","2018","04","14","","3.8","","-4.4","","-0.3","","18.3","","0.0","","5.6","","4.2","","35.8","","1","","5","","52",""
"-79.63","43.68","TORONTO INTL A","6158731","2018-04-15","2018","04","15","","0.8","","-4.0","","-1.6","","19.6","","0.0","","15.2","","3.8","","28.2","","4","","8","","74",""
"-79.63","43.68","TORONTO INTL A","6158731","2018-04-16","2018","04","16","","2.9","","0.8","","1.9","","16.1","","0.0","","18.6","","0.0","T","18.6","","4","","6","","69",""
"-79.63","43.68","TORONTO INTL A","6158731","2018-04-17","2018","04","17","","1.1","","-2.0","","-0.5","","18.5","","0.0","","0.0","","0.2","","0.2","","2","","27","","48",""
"-79.63","43.68","TORONTO INTL A","6158731","2018-04-18","2018","04","18","","3.5","","0.0","","1.8","","16.2","","0.0","","0.0","","0.0","","0.0","","2","","26","","41",""
"-79.63","43.68","TORONTO INTL A","6158731","2018-04-19","2018","04","19","","3.3","","-0.5","","1.4","","16.6","","0.0","","0.0","","0.0","T","0.0","T","1","","32","","54",""
"-79.63","43.68","TORONTO INTL A","6158731","2018-04-20","2018","04","20","","8.3","","-2.3","","3.0","","15.0","","0.0","","0.0","","0.0","","0.0","","0","T","33","","46",""
"-79.63","43.68","TORONTO INTL A","6158731","2018-04-21","2018","04","21","","14.1","","-2.1","","6.0","","12.0","","0.0","","0.0","","0.0","","0.0","","","","","","<31",""
"-79.63","43.68","TORONTO INTL A","6158731","2018-04-22","2018","04","22","","16.6","","0.4","","8.5","","9.5","","0.0","","0.0","","0.0","","0.0","","","","","","<31",""
"-79.63","43.68","TORONTO INTL A","6158731","2018-04-23","2018","04","23","","18.7","","2.0","","10.4","","7.6","","0.0","","0.0","","0.0","","0.0","","","","10","","32",""
"-79.63","43.68","TORONTO INTL A","6158731","2018-04-24","2018","04","24","","16.8","","6.8","","11.8","","6.2","","0.0","","4.2","","0.0","","4.2","","","","16","","37",""
"-79.63","43.68","TORONTO INTL A","6158731","2018-04-25","2018","04","25","","11.2","","3.7","","7.5","","10.5","","0.0","","18.8","","0.0","","18.8","","","","32","","54",""
"-79.63","43.68","TORONTO INTL A","6158731","2018-04-26","2018","04","26","","15.9","","3.4","","9.7","","8.3","","0.0","","0.6","","0.0","","0.6","","","","33","","54",""
"-79.63","43.68","TORONTO INTL A","6158731","2018-04-27","2018","04","27","","14.6","","2.4","","8.5","","9.5","","0.0","","3.0","","0.0","","3.0","","","","32","","39",""
"-79.63","43.68","TORONTO INTL A","6158731","2018-04-28","2018","04","28","","8.2","","0.8","","4.5","","13.5","","0.0","","1.8","","0.0","","1.8","","","","33","","48",""
"-79.63","43.68","TORONTO INTL A","6158731","2018-04-29","2018","04","29","","11.9","","0.0","","6.0","","12.0","","0.0","","0.0","","0.4","","0.4","","","","34","","59",""
"-79.63","43.68","TORONTO INTL A","6158731","2018-04-30","2018","04","30","","20.0","","1.1","","10.6","","7.4","","0.0","","0.0","","0.0","","0.0","","","","29","","44",""
"-79.63","43.68","TORONTO INTL A","6158731","2018-05-01","2018","05","01","","27.7","","8.2","","18.0","","0.0","","0.0","","0.0","","0.0","","0.0","","","","22","","50",""
"-79.63","43.68","TORONTO INTL A","6158731","2018-05-02","2018","05","02","","28.0","","17.5","","22.8","","0.0","","4.8","","0.0","","0.0","","0.0","","","","22","","54",""
"-79.63","43.68","TORONTO INTL A","6158731","2018-05-03","2018","05","03","","22.1","","9.7","","15.9","","2.1","","0.0","","6.8","","0.0","","6.8","","","","25","","61",""
"-79.63","43.68","TORONTO INTL A","6158731","2018-05-04","2018","05","04","","24.9","","8.2","","16.6","","1.4","","0.0","","8.2","","0.0","","8.2","","","","27","","119",""
"-79.63","43.68","TORONTO INTL A","6158731","2018-05-05","2018","05","05","","24.6","","8.1","","16.4","","1.6","","0.0","","2.2","","0.0","","2.2","","","","24","","63",""
"-79.63","43.68","TORONTO INTL A","6158731","2018-05-06","2018","05","06","","18.4","","11.1","","14.8","","3.2","","0.0","","0.8","","0.0","","0.8","","","","11","","32",""
"-79.63","43.68","TORONTO INTL A","6158731","2018-05-07","2018","05","07","","16.2","","9.6","","12.9","","5.1","","0.0","","0.0","","0.0","","0.0","","","","14","","32",""
"-79.63","43.68","TORONTO INTL A","6158731","2018-05-08","2018","05","08","","19.1","","6.5","","12.8","","5.2","","0.0","","0.0","","0.0","","0.0","","","","","","<31",""
"-79.63","43.68","TORONTO INTL A","6158731","2018-05-09","2018","05","09","","22.7","","8.8","","15.8","","2.2","","0.0","","0.0","T","0.0","","0.0","T","","","12","","30",""
"-79.63","43.68","TORONTO INTL A","6158731","2018-05-10","2018","05","10","","20.1","","5.0","","12.6","","5.4","","0.0","","2.2","","0.0","","2.2","","","","29","","61",""
"-79.63","43.68","TORONTO INTL A","6158731","2018-05-11","2018","05","11","","11.2","","5.0","","8.1","","9.9","","0.0","","0.0","","0.0","","0.0","","","","1","","37",""
"-79.63","43.68","TORONTO INTL A","6158731","2018-05-12","2018","05","12","","14.2","","7.9","","11.1","","6.9","","0.0","","0.0","T","0.0","","0.0","T","","","","","<31",""
"-79.63","43.68","TORONTO INTL A","6158731","2018-05-13","2018","05","13","","18.0","","7.4","","12.7","","5.3","","0.0","","0.0","","0.0","","0.0","","","","10","","32",""
"-79.63","43.68","TORONTO INTL A","6158731","2018-05-14","2018","05","14","","24.3","","9.2","","16.8","","1.2","","0.0","","0.0","","0.0","","0.0","","","","19","","35",""
"-79.63","43.68","TORONTO INTL A","6158731","2018-05-15","2018","05","15","","21.6","","10.8","","16.2","","1.8","","0.0","","18.6","","0.0","","18.6","","","","35","","46",""
"-79.63","43.68","TORONTO INTL A","6158731","2018-05-16","2018","05","16","","20.2","","8.0","","14.1","","3.9","","0.0","","0.0","","0.0","","0.0","","","","35","","30",""
"-79.63","43.68","TORONTO INTL A","6158731","2018-05-17","2018","05","17","","24.3","","11.6","","18.0","","0.0","","0.0","","0.0","","0.0","","0.0","","","","35","","41",""
"-79.63","43.68","TORONTO INTL A","6158731","2018-05-18","2018","05","18","","16.8","","9.9","","13.4","","4.6","","0.0","","0.0","","0.0","","0.0","","","","11","","48",""
"-79.63","43.68","TORONTO INTL A","6158731","2018-05-19","2018","05","19","","16.8","","9.9","","13.4","","4.6","","0.0","","8.0","","0.0","","8.0","","","","10","","39",""
"-79.63","43.68","TORONTO INTL A","6158731","2018-05-20","2018","05","20","","20.0","","9.2","","14.6","","3.4","","0.0","","0.0","","0.0","","0.0","","","","33","","41",""
"-79.63","43.68","TORONTO INTL A","6158731","2018-05-21","2018","05","21","","20.8","","7.4","","14.1","","3.9","","0.0","","0.0","T","0.0","","0.0","T","","","","","<31",""
"-79.63","43.68","TORONTO INTL A","6158731","2018-05-22","2018","05","22","","17.6","","11.1","","14.4","","3.6","","0.0","","8.6","","0.0","","8.6","","","","35","","30",""
"-79.63","43.68","TORONTO INTL A","6158731","2018-05-23","2018","05","23","","25.8","","10.2","","18.0","","0.0","","0.0","","0.0","","0.0","","0.0","","","","33","","39",""
"-79.63","43.68","TORONTO INTL A","6158731","2018-05-24","2018","05","24","","28.5","","12.2","","20.4","","0.0","","2.4","","0.0","","0.0","","0.0","","","","29","","41",""
"-79.63","43.68","TORONTO INTL A","6158731","2018-05-25","2018","05","25","","30.3","","16.0","","23.2","","0.0","","5.2","","0.0","","0.0","","0.0","","","","22","","46",""
"-79.63","43.68","TORONTO INTL A","6158731","2018-05-26","2018","05","26","","27.5","","16.9","","22.2","","0.0","","4.2","","0.0","","0.0","","0.0","","","","3","","48",""
"-79.63","43.68","TORONTO INTL A","6158731","2018-05-27","2018","05","27","","26.6","","16.5","","21.6","","0.0","","3.6","","0.0","","0.0","","0.0","","","","","","<31",""
"-79.63","43.68","TORONTO INTL A","6158731","2018-05-28","2018","05","28","","30.8","","15.0","","22.9","","0.0","","4.9","","0.0","","0.0","","0.0","","","","31","","37",""
"-79.63","43.68","TORONTO INTL A","6158731","2018-05-29","2018","05","29","","27.1","","18.8","","23.0","","0.0","","5.0","","0.0","","0.0","","0.0","","","","11","","32",""
"-79.63","43.68","TORONTO INTL A","6158731","2018-05-30","2018","05","30","","29.2","","18.4","","23.8","","0.0","","5.8","","0.0","","0.0","","0.0","","","","","","<31",""
"-79.63","43.68","TORONTO INTL A","6158731","2018-05-31","2018","05","31","","30.7","","20.3","","25.5","","0.0","","7.5","","10.0","","0.0","","10.0","","","","25","","48",""
"-79.63","43.68","TORONTO INTL A","6158731","2018-06-01","2018","06","01","","28.0","","15.1","","21.6","","0.0","","3.6","","0.0","","0.0","","0.0","","","","1","","52",""
"-79.63","43.68","TORONTO INTL A","6158731","2018-06-02","2018","06","02","","21.3","","13.5","","17.4","","0.6","","0.0","","0.0","","0.0","","0.0","","","","36","","37",""
"-79.63","43.68","TORONTO INTL A","6158731","2018-06-03","2018","06","03","","21.3","","14.0","","17.7","","0.3","","0.0","","7.4","","0.0","","7.4","","","","8","","30",""
"-79.63","43.68","TORONTO INTL A","6158731","2018-06-04","2018","06","04","","19.3","E","14.3","E","16.8","E","1.2","E","0.0","E","1.0","","0.0","","1.0","","","","30","","69",""
"-79.63","43.68","TORONTO INTL A","6158731","2018-06-05","2018","06","05","","15.5","","10.5","","13.0","","5.0","","0.0","","0.2","","0.0","","0.2","","","","29","","41",""
"-79.63","43.68","TORONTO INTL A","6158731","2018-06-06","2018","06","06","","16.4","","10.2","","13.3","","4.7","","0.0","","0.0","","0.0","","0.0","","","","34","","35",""
"-79.63","43.68","TORONTO INTL A","6158731","2018-06-07","2018","06","07","","23.1","","11.4","","17.3","","0.7","","0.0","","0.0","","0.0","","0.0","","","","0","","33",""
"-79.63","43.68","TORONTO INTL A","6158731","2018-06-08","2018","06","08","","22.2","","12.6","","17.4","","0.6","","0.0","","0.0","","0.0","","0.0","","","","15","","30",""
"-79.63","43.68","TORONTO INTL A","6158731","2018-06-09","2018","06","09","","23.6","","12.7","","18.2","","0.0","","0.2","","0.0","","0.0","","0.0","","","","","","<31",""
"-79.63","43.68","TORONTO INTL A","6158731","2018-06-10","2018","06","10","","22.8","","14.0","","18.4","","0.0","","0.4","","0.0","","0.0","","0.0","","","","10","","52",""
"-79.63","43.68","TORONTO INTL A","6158731","2018-06-11","2018","06","11","","22.8","","11.4","","17.1","","0.9","","0.0","","0.0","","0.0","","0.0","","","","10","","41",""
"-79.63","43.68","TORONTO INTL A","6158731","2018-06-12","2018","06","12","","26.1","","10.7","","18.4","","0.0","","0.4","","0.0","","0.0","","0.0","","","","16","","33",""
"-79.63","43.68","TORONTO INTL A","6158731","2018-06-13","2018","06","13","","30.1","","15.8","","23.0","","0.0","","5.0","","3.2","","0.0","","3.2","","","","27","","87",""
"-79.63","43.68","TORONTO INTL A","6158731","2018-06-14","2018","06","14","","25.4","","14.3","","19.9","","0.0","","1.9","","0.0","","0.0","","0.0","","","","32","","61",""
"-79.63","43.68","TORONTO INTL A","6158731","2018-06-15","2018","06","15","","25.1","","13.1","","19.1","","0.0","","1.1","","0.0","","0.0","","0.0","","","","15","","30",""
"-79.63","43.68","TORONTO INTL A","6158731","2018-06-16","2018","06","16","","29.5","","13.9","","21.7","","0.0","","3.7","","0.0","","0.0","","0.0","","","","25","","32",""
"-79.63","43.68","TORONTO INTL A","6158731","2018-06-17","2018","06","17","","31.9","","17.2","","24.6","","0.0","","6.6","","0.0","","0.0","","0.0","","","","18","","43",""
"-79.63","43.68","TORONTO INTL A","6158731","2018-06-18","2018","06","18","","33.0","","17.7","","25.4","","0.0","","7.4","","2.6","","0.0","","2.6","","","","30","","56",""
"-79.63","43.68","TORONTO INTL A","6158731","2018-06-19","2018","06","19","","23.2","","16.0","","19.6","","0.0","","1.6","","0.0","","0.0","","0.0","","","","35","","33",""
"-79.63","43.68","TORONTO INTL A","6158731","2018-06-20","2018","06","20","","25.4","","15.3","","20.4","","0.0","","2.4","","0.0","","0.0","","0.0","","","","","","<31",""
"-79.63","43.68","TORONTO INTL A","6158731","2018-06-21","2018","06","21","","21.7","","14.4","","18.1","","0.0","","0.1","","0.0","","0.0","","0.0","","","","35","","33",""
"-79.63","43.68","TORONTO INTL A","6158731","2018-06-22","2018","06","22","","22.9","","12.8","","17.9","","0.1","","0.0","","1.6","","0.0","","1.6","","","","10","","39",""
"-79.63","43.68","TORONTO INTL A","6158731","2018-06-23","2018","06","23","","19.5","","16.5","","18.0","","0.0","","0.0","","4.8","","0.0","","4.8","","","","","","<31",""
"-79.63","43.68","TORONTO INTL A","6158731","2018-06-24","2018","06","24","","21.3","","14.8","","18.1","","0.0","","0.1","","21.4","","0.0","","21.4","","","","35","","39",""
"-79.63","43.68","TORONTO INTL A","6158731","2018-06-25","2018","06","25","","23.3","","12.9","","18.1","","0.0","","0.1","","0.0","","0.0","","0.0","","","","5","","33",""
"-79.63","43.68","TORONTO INTL A","6158731","2018-06-26","2018","06","26","","23.4","","11.1","","17.3","","0.7","","0.0","","0.0","","0.0","","0.0","","","","11","","35",""
"-79.63","43.68","TORONTO INTL A","6158731","2018-06-27","2018","06","27","","22.1","","16.5","","19.3","","0.0","","1.3","","7.8","","0.0","","7.8","","","","","","<31",""
"-79.63","43.68","TORONTO INTL A","6158731","2018-06-28","2018","06","28","","29.6","","19.6","","24.6","","0.0","","6.6","","0.0","","0.0","","0.0","","","","30","","37",""
"-79.63","43.68","TORONTO INTL A","6158731","2018-06-29","2018","06","29","","31.5","","19.1","","25.3","","0.0","","7.3","","0.0","","0.0","","0.0","","","","20","","43",""
"-79.63","43.68","TORONTO INTL A","6158731","2018-06-30","2018","06","30","","35.4","","21.9","","28.7","","0.0","","10.7","","0.0","","0.0","","0.0","","","","23","","44",""
"-79.63","43.68","TORONTO INTL A","6158731","2018-07-01","2018","07","01","","34.3","","23.8","","29.1","","0.0","","11.1","","0.0","","0.0","","0.0","","","","22","","41",""
"-79.63","43.68","TORONTO INTL A","6158731","2018-07-02","2018","07","02","","34.0","","19.9","","27.0","","0.0","","9.0","","0.0","","0.0","","0.0","","","","24","","43",""
"-79.63","43.68","TORONTO INTL A","6158731","2018-07-03","2018","07","03","","30.8","","18.6","","24.7","","0.0","","6.7","","0.0","","0.0","","0.0","","","","","","<31",""
"-79.63","43.68","TORONTO INTL A","6158731","2018-07-04","2018","07","04","","33.4","","19.3","","26.4","","0.0","","8.4","","0.0","","0.0","","0.0","","","","","","<31",""
"-79.63","43.68","TORONTO INTL A","6158731","2018-07-05","2018","07","05","","33.6","","20.7","","27.2","","0.0","","9.2","","23.8","","0.0","","23.8","","","","25","","48",""
"-79.63","43.68","TORONTO INTL A","6158731","2018-07-06","2018","07","06","","23.4","","17.1","","20.3","","0.0","","2.3","","","M","","M","","M","","","","","<31",""
"-79.63","43.68","TORONTO INTL A","6158731","2018-07-07","2018","07","07","","25.5","","13.8","","19.7","","0.0","","1.7","","0.0","","0.0","","0.0","","","","15","","32",""
"-79.63","43.68","TORONTO INTL A","6158731","2018-07-08","2018","07","08","","28.4","","14.7","","21.6","","0.0","","3.6","","0.0","","0.0","","0.0","","","","18","","32",""
"-79.63","43.68","TORONTO INTL A","6158731","2018-07-09","2018","07","09","","32.4","","14.8","","23.6","","0.0","","5.6","","0.0","","0.0","","0.0","","","","25","","39",""
"-79.63","43.68","TORONTO INTL A","6158731","2018-07-10","2018","07","10","","29.7","","18.8","","24.3","","0.0","","6.3","","0.0","T","0.0","","0.0","T","","","34","","48",""
"-79.63","43.68","TORONTO INTL A","6158731","2018-07-11","2018","07","11","","27.3","","17.1","","22.2","","0.0","","4.2","","0.0","","0.0","","0.0","","","","35","","37",""
"-79.63","43.68","TORONTO INTL A","6158731","2018-07-12","2018","07","12","","29.8","","16.8","","23.3","","0.0","","5.3","","0.0","","0.0","","0.0","","","","14","","35",""
"-79.63","43.68","TORONTO INTL A","6158731","2018-07-13","2018","07","13","","30.4","","21.2","","25.8","","0.0","","7.8","","0.0","","0.0","","0.0","","","","15","","37",""
"-79.63","43.68","TORONTO INTL A","6158731","2018-07-14","2018","07","14","","28.8","","21.4","","25.1","","0.0","","7.1","","0.2","","0.0","","0.2","","","","23","","32",""
"-79.63","43.68","TORONTO INTL A","6158731","2018-07-15","2018","07","15","","30.4","","21.3","","25.9","","0.0","","7.9","","0.0","","0.0","","0.0","","","","","","<31",""
"-79.63","43.68","TORONTO INTL A","6158731","2018-07-16","2018","07","16","","32.1","","21.0","","26.6","","0.0","","8.6","","8.0","","0.0","","8.0","","","","26","","63",""
"-79.63","43.68","TORONTO INTL A","6158731","2018-07-17","2018","07","17","","27.5","","17.8","","22.7","","0.0","","4.7","","0.0","","0.0","","0.0","","","","35","","44",""
"-79.63","43.68","TORONTO INTL A","6158731","2018-07-18","2018","07","18","","23.8","","15.8","","19.8","","0.0","","1.8","","0.0","","0.0","","0.0","","","","20","","35",""
"-79.63","43.68","TORONTO INTL A","6158731","2018-07-19","2018","07","19","","27.3","","14.1","","20.7","","0.0","","2.7","","0.0","","0.0","","0.0","","","","18","","30",""
"-79.63","43.68","TORONTO INTL A","6158731","2018-07-20","2018","07","20","","30.1","","18.2","","24.2","","0.0","","6.2","","0.6","","0.0","","0.6","","","","10","","39",""
"-79.63","43.68","TORONTO INTL A","6158731","2018-07-21","2018","07","21","","26.2","","17.9","","22.1","","0.0","","4.1","","0.4","","0.0","","0.4","","","","10","","44",""
"-79.63","43.68","TORONTO INTL A","6158731","2018-07-22","2018","07","22","","23.9","","16.9","","20.4","","0.0","","2.4","","15.4","","0.0","","15.4","","","","17","","41",""
"-79.63","43.68","TORONTO INTL A","6158731","2018-07-23","2018","07","23","","28.1","","20.6","","24.4","","0.0","","6.4","","0.0","T","0.0","","0.0","T","","","11","","33",""
"-79.63","43.68","TORONTO INTL A","6158731","2018-07-24","2018","07","24","","30.1","","21.8","","26.0","","0.0","","8.0","","5.4","","0.0","","5.4","","","","17","","43",""
"-79.63","43.68","TORONTO INTL A","6158731","2018-07-25","2018","07","25","","30.0","","18.9","","24.5","","0.0","","6.5","","0.0","","0.0","","0.0","","","","1","","37",""
"-79.63","43.68","TORONTO INTL A","6158731","2018-07-26","2018","07","26","","29.6","","16.9","","23.3","","0.0","","5.3","","8.0","","0.0","","8.0","","","","26","","89",""
"-79.63","43.68","TORONTO INTL A","6158731","2018-07-27","2018","07","27","","26.5","","16.8","","21.7","","0.0","","3.7","","2.0","","0.0","","2.0","","","","27","","43",""
"-79.63","43.68","TORONTO INTL A","6158731","2018-07-28","2018","07","28","","23.7","","14.9","","19.3","","0.0","","1.3","","0.2","","0.0","","0.2","","","","27","","46",""
"-79.63","43.68","TORONTO INTL A","6158731","2018-07-29","2018","07","29","","26.4","","13.4","","19.9","","0.0","","1.9","","0.0","","0.0","","0.0","","","","24","","43",""
"-79.63","43.68","TORONTO INTL A","6158731","2018-07-30","2018","07","30","","26.7","","17.2","","22.0","","0.0","","4.0","","0.0","","0.0","","0.0","","","","15","","32",""
"-79.63","43.68","TORONTO INTL A","6158731","2018-07-31","2018","07","31","","25.8","","18.1","","22.0","","0.0","","4.0","","0.0","","0.0","","0.0","","","","","","<31",""
"-79.63","43.68","TORONTO INTL A","6158731","2018-08-01","2018","08","01","","27.2","","20.1","","23.7","","0.0","","5.7","","0.6","","0.0","","0.6","","","","23","","46",""
"-79.63","43.68","TORONTO INTL A","6158731","2018-08-02","2018","08","02","","30.3","","18.1","","24.2","","0.0","","6.2","","0.0","","0.0","","0.0","","","","23","","39",""
"-79.63","43.68","TORONTO INTL A","6158731","2018-08-03","2018","08","03","","29.0","","19.9","","24.5","","0.0","","6.5","","0.0","","0.0","","0.0","","","","3","","35",""
"-79.63","43.68","TORONTO INTL A","6158731","2018-08-04","2018","08","04","","31.9","","19.4","","25.7","","0.0","","7.7","","0.0","","0.0","","0.0","","","","","","<31",""
"-79.63","43.68","TORONTO INTL A","6158731","2018-08-05","2018","08","05","","34.9","","19.0","","27.0","","0.0","","9.0","","0.0","","0.0","","0.0","","","","26","","41",""
"-79.63","43.68","TORONTO INTL A","6158731","2018-08-06","2018","08","06","","34.2","","21.3","","27.8","","0.0","","9.8","","22.6","","0.0","","22.6","","","","19","","67",""
"-79.63","43.68","TORONTO INTL A","6158731","2018-08-07","2018","08","07","","28.2","","20.5","","24.4","","0.0","","6.4","","6.0","","0.0","","6.0","","","","5","","39",""
"-79.63","43.68","TORONTO INTL A","6158731","2018-08-08","2018","08","08","","25.7","","17.4","","21.6","","0.0","","3.6","","21.0","","0.0","","21.0","","","","32","","44",""
"-79.63","43.68","TORONTO INTL A","6158731","2018-08-09","2018","08","09","","29.6","","16.6","","23.1","","0.0","","5.1","","2.4","","0.0","","2.4","","","","24","","37",""
"-79.63","43.68","TORONTO INTL A","6158731","2018-08-10","2018","08","10","","24.8","","17.3","","21.1","","0.0","","3.1","","0.0","","0.0","","0.0","","","","14","","30",""
"-79.63","43.68","TORONTO INTL A","6158731","2018-08-11","2018","08","11","","26.8","","15.4","","21.1","","0.0","","3.1","","4.2","","0.0","","4.2","","","","","","<31",""
"-79.63","43.68","TORONTO INTL A","6158731","2018-08-12","2018","08","12","","27.6","","18.6","","23.1","","0.0","","5.1","","0.0","T","0.0","","0.0","T","","","","","<31",""
"-79.63","43.68","TORONTO INTL A","6158731","2018-08-13","2018","08","13","","27.2","","19.2","","23.2","","0.0","","5.2","","0.0","T","0.0","","0.0","T","","","","","<31",""
"-79.63","43.68","TORONTO INTL A","6158731","2018-08-14","2018","08","14","","31.4","","20.6","","26.0","","0.0","","8.0","","0.0","","0.0","","0.0","","","","31","","41",""
"-79.63","43.68","TORONTO INTL A","6158731","2018-08-15","2018","08","15","","31.3","","20.0","","25.7","","0.0","","7.7","","0.0","","0.0","","0.0","","","","28","","39",""
"-79.63","43.68","TORONTO INTL A","6158731","2018-08-16","2018","08","16","","29.9","","20.2","","25.1","","0.0","","7.1","","1.4","","0.0","","1.4","","","","22","","43",""
"-79.63","43.68","TORONTO INTL A","6158731","2018-08-17","2018","08","17","","29.3","","21.2","","25.3","","0.0","","7.3","","14.6","","0.0","","14.6","","","","32","","39",""
"-79.63","43.68","TORONTO INTL A","6158731","2018-08-18","2018","08","18","","24.9","","19.1","","22.0","","0.0","","4.0","","0.4","","0.0","","0.4","","","","","","<31",""
"-79.63","43.68","TORONTO INTL A","6158731","2018-08-19","2018","08","19","","24.8","","17.1","","21.0","","0.0","","3.0","","0.0","","0.0","","0.0","","","","","","<31",""
"-79.63","43.68","TORONTO INTL A","6158731","2018-08-20","2018","08","20","","25.5","","17.9","","21.7","","0.0","","3.7","","0.0","","0.0","","0.0","","","","10","","32",""
"-79.63","43.68","TORONTO INTL A","6158731","2018-08-21","2018","08","21","","25.9","","19.7","","22.8","","0.0","","4.8","","25.6","","0.0","","25.6","","","","34","","48",""
"-79.63","43.68","TORONTO INTL A","6158731","2018-08-22","2018","08","22","","21.4","","15.1","","18.3","","0.0","","0.3","","0.8","","0.0","","0.8","","","","30","","56",""
"-79.63","43.68","TORONTO INTL A","6158731","2018-08-23","2018","08","23","","26.6","","14.8","","20.7","","0.0","","2.7","","0.0","","0.0","","0.0","","","","28","","46",""
"-79.63","43.68","TORONTO INTL A","6158731","2018-08-24","2018","08","24","","27.0","","14.6","","20.8","","0.0","","2.8","","0.0","","0.0","","0.0","","","","24","","39",""
"-79.63","43.68","TORONTO INTL A","6158731","2018-08-25","2018","08","25","","25.6","","20.1","","22.9","","0.0","","4.9","","17.8","","0.0","","17.8","","","","16","","37",""
"-79.63","43.68","TORONTO INTL A","6158731","2018-08-26","2018","08","26","","28.7","","20.3","","24.5","","0.0","","6.5","","0.0","","0.0","","0.0","","","","27","","37",""
"-79.63","43.68","TORONTO INTL A","6158731","2018-08-27","2018","08","27","","28.7","","19.9","","24.3","","0.0","","6.3","","0.8","","0.0","","0.8","","","","22","","32",""
"-79.63","43.68","TORONTO INTL A","6158731","2018-08-28","2018","08","28","","31.7","","24.3","","28.0","","0.0","","10.0","","0.0","","0.0","","0.0","","","","20","","57",""
"-79.63","43.68","TORONTO INTL A","6158731","2018-08-29","2018","08","29","","28.5","","17.4","","23.0","","0.0","","5.0","","0.0","T","0.0","","0.0","T","","","29","","57",""
"-79.63","43.68","TORONTO INTL A","6158731","2018-08-30","2018","08","30","","18.6","","15.0","","16.8","","1.2","","0.0","","0.0","","0.0","","0.0","","","","35","","43",""
"-79.63","43.68","TORONTO INTL A","6158731","2018-08-31","2018","08","31","","23.3","","16.2","","19.8","","0.0","","1.8","","0.0","","0.0","","0.0","","","","","","<31",""
"-79.63","43.68","TORONTO INTL A","6158731","2018-09-01","2018","09","01","","27.4","","15.2","","21.3","","0.0","","3.3","","0.0","","0.0","","0.0","","","","17","","32",""
"-79.63","43.68","TORONTO INTL A","6158731","2018-09-02","2018","09","02","","29.9","","22.3","","26.1","","0.0","","8.1","","0.4","","0.0","","0.4","","","","23","","39",""
"-79.63","43.68","TORONTO INTL A","6158731","2018-09-03","2018","09","03","","31.9","","21.7","","26.8","","0.0","","8.8","","0.0","","0.0","","0.0","","","","27","","39",""
"-79.63","43.68","TORONTO INTL A","6158731","2018-09-04","2018","09","04","","28.1","","19.7","","23.9","","0.0","","5.9","","0.0","","0.0","","0.0","","","","","","<31",""
"-79.63","43.68","TORONTO INTL A","6158731","2018-09-05","2018","09","05","","34.2","","21.5","","27.9","","0.0","","9.9","","0.4","","0.0","","0.4","","","","23","","54",""
"-79.63","43.68","TORONTO INTL A","6158731","2018-09-06","2018","09","06","","26.3","","16.4","","21.4","","0.0","","3.4","","0.6","","0.0","","0.6","","","","36","","35",""
"-79.63","43.68","TORONTO INTL A","6158731","2018-09-07","2018","09","07","","24.5","","15.1","","19.8","","0.0","","1.8","","0.0","","0.0","","0.0","","","","35","","35",""
"-79.63","43.68","TORONTO INTL A","6158731","2018-09-08","2018","09","08","","17.0","","12.1","","14.6","","3.4","","0.0","","0.0","","0.0","","0.0","","","","4","","30",""
"-79.63","43.68","TORONTO INTL A","6158731","2018-09-09","2018","09","09","","16.0","E","","M","","M","","M","","M","0.0","","0.0","","0.0","","","","9","","52",""
"-79.63","43.68","TORONTO INTL A","6158731","2018-09-10","2018","09","10","","15.9","","12.2","","14.1","","3.9","","0.0","","26.2","","0.0","","26.2","","","","12","","50",""
"-79.63","43.68","TORONTO INTL A","6158731","2018-09-11","2018","09","11","","20.8","","14.4","","17.6","","0.4","","0.0","","0.0","","0.0","","0.0","","","","34","","37",""
"-79.63","43.68","TORONTO INTL A","6158731","2018-09-12","2018","09","12","","23.8","","12.7","","18.3","","0.0","","0.3","","0.0","","0.0","","0.0","","","","","","<31",""
"-79.63","43.68","TORONTO INTL A","6158731","2018-09-13","2018","09","13","","25.2","","16.3","","20.8","","0.0","","2.8","","0.0","","0.0","","0.0","","","","10","","33",""
"-79.63","43.68","TORONTO INTL A","6158731","2018-09-14","2018","09","14","","27.8","","19.7","","23.8","","0.0","","5.8","","0.0","","0.0","","0.0","","","","","","<31",""
"-79.63","43.68","TORONTO INTL A","6158731","2018-09-15","2018","09","15","","28.7","","19.8","","24.3","","0.0","","6.3","","0.0","","0.0","","0.0","","","","","","<31",""
"-79.63","43.68","TORONTO INTL A","6158731","2018-09-16","2018","09","16","","28.4","","19.6","","24.0","","0.0","","6.0","","0.0","","0.0","","0.0","","","","","","<31",""
"-79.63","43.68","TORONTO INTL A","6158731","2018-09-17","2018","09","17","","27.0","","20.0","","23.5","","0.0","","5.5","","0.0","","0.0","","0.0","","","","15","","30",""
"-79.63","43.68","TORONTO INTL A","6158731","2018-09-18","2018","09","18","","27.6","","15.3","","21.5","","0.0","","3.5","","0.0","","0.0","","0.0","","","","1","","43",""
"-79.63","43.68","TORONTO INTL A","6158731","2018-09-19","2018","09","19","","22.2","","13.3","","17.8","","0.2","","0.0","","0.0","","0.0","","0.0","","","","0","","32",""
"-79.63","43.68","TORONTO INTL A","6158731","2018-09-20","2018","09","20","","19.2","","14.6","","16.9","","1.1","","0.0","","0.0","","0.0","","0.0","","","","11","","37",""
"-79.63","43.68","TORONTO INTL A","6158731","2018-09-21","2018","09","21","","32.2","","12.6","","22.4","","0.0","","4.4","","0.4","","0.0","","0.4","","","","26","","83",""
"-79.63","43.68","TORONTO INTL A","6158731","2018-09-22","2018","09","22","","16.3","","10.0","","13.2","","4.8","","0.0","","0.0","","0.0","","0.0","","","","32","","46",""
"-79.63","43.68","TORONTO INTL A","6158731","2018-09-23","2018","09","23","","19.1","","6.4","","12.8","","5.2","","0.0","","0.0","","0.0","","0.0","","","","9","","30",""
"-79.63","43.68","TORONTO INTL A","6158731","2018-09-24","2018","09","24","","19.5","","10.2","","14.9","","3.1","","0.0","","2.2","","0.0","","2.2","","","","9","","43",""
"-79.63","43.68","TORONTO INTL A","6158731","2018-09-25","2018","09","25","","21.6","","15.6","","18.6","","0.0","","0.6","","6.2","","0.0","","6.2","","","","15","","41",""
"-79.63","43.68","TORONTO INTL A","6158731","2018-09-26","2018","09","26","","24.0","","11.2","","17.6","","0.4","","0.0","","0.0","T","0.0","","0.0","T","","","28","","57",""
"-79.63","43.68","TORONTO INTL A","6158731","2018-09-27","2018","09","27","","17.7","","8.4","","13.1","","4.9","","0.0","","0.0","","0.0","","0.0","","","","","","<31",""
"-79.63","43.68","TORONTO INTL A","6158731","2018-09-28","2018","09","28","","23.5","","9.7","","16.6","","1.4","","0.0","","3.2","","0.0","","3.2","","","","23","","50",""
"-79.63","43.68","TORONTO INTL A","6158731","2018-09-29","2018","09","29","","16.7","","7.7","","12.2","","5.8","","0.0","","0.0","T","0.0","","0.0","T","","","28","","41",""
"-79.63","43.68","TORONTO INTL A","6158731","2018-09-30","2018","09","30","","12.9","","9.4","","11.2","","6.8","","0.0","","10.4","","0.0","","10.4","","","","","","<31",""
"-79.63","43.68","TORONTO INTL A","6158731","2018-10-01","2018","10","01","","12.4","","7.6","","10.0","","8.0","","0.0","","9.8","","0.0","","9.8","","","","6","","33",""
"-79.63","43.68","TORONTO INTL A","6158731","2018-10-02","2018","10","02","","13.1","","9.2","","11.2","","6.8","","0.0","","12.6","","0.0","","12.6","","","","34","","32",""
"-79.63","43.68","TORONTO INTL A","6158731","2018-10-03","2018","10","03","","17.4","","11.1","","14.3","","3.7","","0.0","","0.0","","0.0","","0.0","","","","","","<31",""
"-79.63","43.68","TORONTO INTL A","6158731","2018-10-04","2018","10","04","","22.6","","6.5","","14.6","","3.4","","0.0","","4.0","","0.0","","4.0","","","","32","","59",""
"-79.63","43.68","TORONTO INTL A","6158731","2018-10-05","2018","10","05","","12.5","","5.2","","8.9","","9.1","","0.0","","0.0","","0.0","","0.0","","","","9","","41",""
"-79.63","43.68","TORONTO INTL A","6158731","2018-10-06","2018","10","06","","16.8","","9.4","","13.1","","4.9","","0.0","","1.4","","0.0","","1.4","","","","36","","30",""
"-79.63","43.68","TORONTO INTL A","6158731","2018-10-07","2018","10","07","","14.4","","11.7","","13.1","","4.9","","0.0","","5.2","","0.0","","5.2","","","","35","","33",""
"-79.63","43.68","TORONTO INTL A","6158731","2018-10-08","2018","10","08","","14.1","","11.0","","12.6","","5.4","","0.0","","3.2","","0.0","","3.2","","","","10","","33",""
"-79.63","43.68","TORONTO INTL A","6158731","2018-10-09","2018","10","09","","29.0","","13.4","","21.2","","0.0","","3.2","","0.0","","0.0","","0.0","","","","24","","32",""
"-79.63","43.68","TORONTO INTL A","6158731","2018-10-10","2018","10","10","","26.8","","19.1","","23.0","","0.0","","5.0","","0.2","","0.0","","0.2","","","","21","","44",""
"-79.63","43.68","TORONTO INTL A","6158731","2018-10-11","2018","10","11","","22.4","","7.5","","15.0","","3.0","","0.0","","0.0","T","0.0","","0.0","T","","","30","","57",""
"-79.63","43.68","TORONTO INTL A","6158731","2018-10-12","2018","10","12","","10.9","","5.5","","8.2","","9.8","","0.0","","0.8","","0.0","","0.8","","","","31","","50",""
"-79.63","43.68","TORONTO INTL A","6158731","2018-10-13","2018","10","13","","10.1","","3.2","","6.7","","11.3","","0.0","","1.2","","0.0","","1.2","","","","28","","43",""
"-79.63","43.68","TORONTO INTL A","6158731","2018-10-14","2018","10","14","","15.2","","3.2","","9.2","","8.8","","0.0","","0.0","","0.0","","0.0","","","","24","","35",""
"-79.63","43.68","TORONTO INTL A","6158731","2018-10-15","2018","10","15","","14.0","","2.0","","8.0","","10.0","","0.0","","1.0","","0.0","","1.0","","","","27","","69",""
"-79.63","43.68","TORONTO INTL A","6158731","2018-10-16","2018","10","16","","12.2","","0.7","","6.5","","11.5","","0.0","","0.0","","0.0","","0.0","","","","25","","48",""
"-79.63","43.68","TORONTO INTL A","6158731","2018-10-17","2018","10","17","","9.3","","0.9","","5.1","","12.9","","0.0","","0.2","","0.0","T","0.2","","","","30","","72",""
"-79.63","43.68","TORONTO INTL A","6158731","2018-10-18","2018","10","18","","8.4","","-1.4","","3.5","","14.5","","0.0","","0.0","T","0.0","","0.0","T","0","T","25","","50",""
"-79.63","43.68","TORONTO INTL A","6158731","2018-10-19","2018","10","19","","15.9","","5.3","","10.6","","7.4","","0.0","","0.0","T","0.0","","0.0","T","","","25","","65",""
"-79.63","43.68","TORONTO INTL A","6158731","2018-10-20","2018","10","20","","11.9","","2.6","","7.3","","10.7","","0.0","","0.2","","0.0","","0.2","","","","24","","59",""
"-79.63","43.68","TORONTO INTL A","6158731","2018-10-21","2018","10","21","","5.7","","0.2","","3.0","","15.0","","0.0","","0.0","","0.0","T","0.0","T","","","34","","56",""
"-79.63","43.68","TORONTO INTL A","6158731","2018-10-22","2018","10","22","","11.0","","2.1","","6.6","","11.4","","0.0","","0.0","","0.0","","0.0","","","","","","<31",""
"-79.63","43.68","TORONTO INTL A","6158731","2018-10-23","2018","10","23","","9.5","","1.3","","5.4","","12.6","","0.0","","0.8","","0.0","","0.8","","","","30","","65",""
"-79.63","43.68","TORONTO INTL A","6158731","2018-10-24","2018","10","24","","5.4","","1.8","","3.6","","14.4","","0.0","","0.4","","0.0","","0.4","","","","32","","43",""
"-79.63","43.68","TORONTO INTL A","6158731","2018-10-25","2018","10","25","","7.4","","1.5","","4.5","","13.5","","0.0","","0.2","","0.0","","0.2","","","","20","","35",""
"-79.63","43.68","TORONTO INTL A","6158731","2018-10-26","2018","10","26","","8.8","","4.6","","6.7","","11.3","","0.0","","0.0","T","0.0","","0.0","T","","","8","","46",""
"-79.63","43.68","TORONTO INTL A","6158731","2018-10-27","2018","10","27","","6.3","","0.6","","3.5","","14.5","","0.0","","6.8","","2.0","","9.6","","0","T","10","","48",""
"-79.63","43.68","TORONTO INTL A","6158731","2018-10-28","2018","10","28","","6.3","","0.6","","3.5","","14.5","","0.0","","0.8","","0.4","","1.2","","","","","","<31",""
"-79.63","43.68","TORONTO INTL A","6158731","2018-10-29","2018","10","29","","9.1","","-1.0","","4.1","","13.9","","0.0","","1.0","","0.0","","1.0","","","","31","","61",""
"-79.63","43.68","TORONTO INTL A","6158731","2018-10-30","2018","10","30","","11.3","","-1.5","","4.9","","13.1","","0.0","","0.6","","0.0","","0.6","","","","","M","","M"
"-79.63","43.68","TORONTO INTL A","6158731","2018-10-31","2018","10","31","","13.6","","4.2","","8.9","","9.1","","0.0","","16.2","","0.0","","16.2","","","","31","","35",""
"-79.63","43.68","TORONTO INTL A","6158731","2018-11-01","2018","11","01","","7.8","","4.5","","6.2","","11.8","","0.0","","29.6","","0.0","","29.6","","","","4","","41",""
"-79.63","43.68","TORONTO INTL A","6158731","2018-11-02","2018","11","02","","5.2","","3.6","","4.4","","13.6","","0.0","","5.0","","0.0","","5.0","","","","4","","48",""
"-79.63","43.68","TORONTO INTL A","6158731","2018-11-03","2018","11","03","","6.8","","0.4","","3.6","","14.4","","0.0","","1.6","","0.0","","1.6","","","","31","","46",""
"-79.63","43.68","TORONTO INTL A","6158731","2018-11-04","2018","11","04","","7.3","","-0.6","","3.4","","14.6","","0.0","","0.0","","0.0","","0.0","","","","9","","45",""
"-79.63","43.68","TORONTO INTL A","6158731","2018-11-05","2018","11","05","","11.1","","6.5","","8.8","","9.2","","0.0","","1.8","","0.0","","1.8","","","","","M","","M"
"-79.63","43.68","TORONTO INTL A","6158731","2018-11-06","2018","11","06","","16.2","","8.6","","12.4","","5.6","","0.0","","7.0","","0.0","","7.0","","","","24","","72",""
"-79.63","43.68","TORONTO INTL A","6158731","2018-11-07","2018","11","07","","9.0","","4.1","","6.6","","11.4","","0.0","","1.0","","0.0","","1.0","","","","28","","59",""
"-79.63","43.68","TORONTO INTL A","6158731","2018-11-08","2018","11","08","","5.5","","2.6","","4.1","","13.9","","0.0","","0.4","","0.0","","0.4","","","","29","","41",""
"-79.63","43.68","TORONTO INTL A","6158731","2018-11-09","2018","11","09","","4.0","","1.0","","2.5","","15.5","","0.0","","7.6","","1.0","","11.4","","","","26","","63",""
"-79.63","43.68","TORONTO INTL A","6158731","2018-11-10","2018","11","10","","2.5","","-2.6","","-0.1","","18.1","","0.0","","0.0","","0.0","T","0.0","T","","","26","","72",""
"-79.63","43.68","TORONTO INTL A","6158731","2018-11-11","2018","11","11","","4.2","","-3.0","","0.6","","17.4","","0.0","","0.0","","0.0","T","0.0","T","","","30","","39",""
"-79.63","43.68","TORONTO INTL A","6158731","2018-11-12","2018","11","12","","6.3","","0.8","","3.6","","14.4","","0.0","","1.0","","0.0","","1.0","","","","","M","","M"
"-79.63","43.68","TORONTO INTL A","6158731","2018-11-13","2018","11","13","","1.7","","-4.3","","-1.3","","19.3","","0.0","","0.8","","0.4","","1.4","","","","36","","46",""
"-79.63","43.68","TORONTO INTL A","6158731","2018-11-14","2018","11","14","","1.1","","-5.5","","-2.2","","20.2","","0.0","","0.0","","0.0","","0.0","","","","30","","41",""
"-79.63","43.68","TORONTO INTL A","6158731","2018-11-15","2018","11","15","","0.4","","-5.1","","-2.4","","20.4","","0.0","","0.0","","9.0","","10.4","","3","E","10","","46",""
"-79.63","43.68","TORONTO INTL A","6158731","2018-11-16","2018","11","16","","2.2","","0.1","","1.2","","16.8","","0.0","","0.0","","4.2","","5.2","","10","","26","","46",""
"-79.63","43.68","TORONTO INTL A","6158731","2018-11-17","2018","11","17","","2.4","","-4.8","","-1.2","","19.2","","0.0","","0.0","","0.0","T","0.0","T","3","","28","","41",""
"-79.63","43.68","TORONTO INTL A","6158731","2018-11-18","2018","11","18","","2.1","","-5.8","","-1.9","","19.9","","0.0","","0.0","","0.0","T","0.0","T","2","","","M","","M"
"-79.63","43.68","TORONTO INTL A","6158731","2018-11-19","2018","11","19","","4.2","","-4.0","","0.1","","17.9","","0.0","","0.0","","0.0","","0.0","","2","","","M","","M"
"-79.63","43.68","TORONTO INTL A","6158731","2018-11-20","2018","11","20","","1.1","","-3.4","","-1.2","","19.2","","0.0","","0.0","","0.4","","0.4","","0","T","29","","45",""
"-79.63","43.68","TORONTO INTL A","6158731","2018-11-21","2018","11","21","","1.4","","-12.9","","-5.8","","23.8","","0.0","","0.0","","0.0","T","0.0","T","0","T","29","","68",""
"-79.63","43.68","TORONTO INTL A","6158731","2018-11-22","2018","11","22","","-5.9","","-13.3","","-9.6","","27.6","","0.0","","0.0","","0.0","","0.0","","0","T","34","","33",""
"-79.63","43.68","TORONTO INTL A","6158731","2018-11-23","2018","11","23","","2.5","","-5.9","","-1.7","","19.7","","0.0","","0.0","","0.0","","0.0","","0","T","15","","33",""
"-79.63","43.68","TORONTO INTL A","6158731","2018-11-24","2018","11","24","","6.3","","0.4","","3.4","","14.6","","0.0","","2.8","","0.0","","2.8","","0","T","11","","35",""
"-79.63","43.68","TORONTO INTL A","6158731","2018-11-25","2018","11","25","","8.1","","3.2","","5.7","","12.3","","0.0","","0.0","T","0.0","","0.0","T","","","28","","37",""
"-79.63","43.68","TORONTO INTL A","6158731","2018-11-26","2018","11","26","","5.6","","2.0","","3.8","","14.2","","0.0","","25.4","","0.0","","25.4","","","","9","","50",""
"-79.63","43.68","TORONTO INTL A","6158731","2018-11-27","2018","11","27","","2.5","","-1.7","","0.4","","17.6","","0.0","","0.2","","0.6","","0.8","","0","T","31","","58",""
"-79.63","43.68","TORONTO INTL A","6158731","2018-11-28","2018","11","28","","3.4","","-1.8","","0.8","","17.2","","0.0","","0.0","","0.0","T","0.0","T","0","T","30","","65",""
"-79.63","43.68","TORONTO INTL A","6158731","2018-11-29","2018","11","29","","2.0","","-0.2","","0.9","","17.1","","0.0","","0.0","","0.0","T","0.0","T","","","25","","42",""
"-79.63","43.68","TORONTO INTL A","6158731","2018-11-30","2018","11","30","","1.7","","-0.1","","0.8","","17.2","","0.0","","0.0","","0.0","T","0.0","T","","","","M","","M"
"-79.63","43.68","TORONTO INTL A","6158731","2018-12-01","2018","12","01","","3.4","","-0.7","","1.4","","16.6","","0.0","","2.6","","0.8","","3.4","","","","10","","54",""
"-79.63","43.68","TORONTO INTL A","6158731","2018-12-02","2018","12","02","","10.1","","3.2","","6.7","","11.3","","0.0","","3.8","","0.0","","3.8","","","","11","","42",""
"-79.63","43.68","TORONTO INTL A","6158731","2018-12-03","2018","12","03","","7.3","","-1.9","","2.7","","15.3","","0.0","","1.8","","1.0","","2.0","","1","E","25","","48",""
"-79.63","43.68","TORONTO INTL A","6158731","2018-12-04","2018","12","04","","0.0","","-6.2","","-3.1","","21.1","","0.0","","0.0","","0.0","","0.0","","0","T","36","","39",""
"-79.63","43.68","TORONTO INTL A","6158731","2018-12-05","2018","12","05","","1.4","","-8.3","","-3.5","","21.5","","0.0","","0.0","","0.2","","0.2","","0","T","26","","39",""
"-79.63","43.68","TORONTO INTL A","6158731","2018-12-06","2018","12","06","","2.1","","-4.1","","-1.0","","19.0","","0.0","","0.0","","0.0","T","0.0","T","0","T","25","","48",""
"-79.63","43.68","TORONTO INTL A","6158731","2018-12-07","2018","12","07","","-3.2","","-9.2","","-6.2","","24.2","","0.0","","0.0","","0.0","T","0.0","T","0","T","","M","","M"
"-79.63","43.68","TORONTO INTL A","6158731","2018-12-08","2018","12","08","","0.2","","-6.7","","-3.3","","21.3","","0.0","","0.0","","0.0","T","0.0","T","","","31","","42",""
"-79.63","43.68","TORONTO INTL A","6158731","2018-12-09","2018","12","09","","0.9","","-6.7","","-2.9","","20.9","","0.0","","0.0","","0.0","","0.0","","","","24","","42",""
"-79.63","43.68","TORONTO INTL A","6158731","2018-12-10","2018","12","10","","1.2","","-1.4","","-0.1","","18.1","","0.0","","0.0","","0.0","T","0.0","T","","","24","","37",""
"-79.63","43.68","TORONTO INTL A","6158731","2018-12-11","2018","12","11","","-0.2","","-3.4","","-1.8","","19.8","","0.0","","0.0","","0.2","","0.2","","0","T","21","","41",""
"-79.63","43.68","TORONTO INTL A","6158731","2018-12-12","2018","12","12","","1.2","","-0.9","","0.2","","17.8","","0.0","","0.0","","0.8","","1.0","","0","T","10","","46",""
"-79.63","43.68","TORONTO INTL A","6158731","2018-12-13","2018","12","13","","2.5","","-1.1","","0.7","","17.3","","0.0","","0.0","","0.6","","0.6","","2","","","M","","M"
"-79.63","43.68","TORONTO INTL A","6158731","2018-12-14","2018","12","14","","5.4","","-1.0","","2.2","","15.8","","0.0","","2.6","","0.0","","2.6","","","","","M","","M"
"-79.63","43.68","TORONTO INTL A","6158731","2018-12-15","2018","12","15","","4.0","","-0.6","","1.7","","16.3","","0.0","","0.0","","0.0","","0.0","","","","","M","","M"
"-79.63","43.68","TORONTO INTL A","6158731","2018-12-16","2018","12","16","","3.9","","-0.6","","1.7","","16.3","","0.0","","0.0","","0.0","","0.0","","","","","","","M"
"-79.63","43.68","TORONTO INTL A","6158731","2018-12-17","2018","12","17","","2.7","","-1.0","","0.9","","17.1","","0.0","","0.0","","0.0","","0.0","","","","34","","65",""
"-79.63","43.68","TORONTO INTL A","6158731","2018-12-18","2018","12","18","","0.2","","-6.2","","-3.0","","21.0","","0.0","","0.0","","0.0","T","0.0","T","","","36","","32",""
"-79.63","43.68","TORONTO INTL A","6158731","2018-12-19","2018","12","19","","5.9","","-2.8","","1.6","","16.4","","0.0","","0.0","","0.0","","0.0","","","","","","","M"
"-79.63","43.68","TORONTO INTL A","6158731","2018-12-20","2018","12","20","","5.3","","-0.3","","2.5","","15.5","","0.0","","6.4","","0.0","","6.4","","","","","M","","M"
"-79.63","43.68","TORONTO INTL A","6158731","2018-12-21","2018","12","21","","5.2","","-1.0","","2.1","","15.9","","0.0","","9.6","","0.0","","9.6","","","","33","","68",""
"-79.63","43.68","TORONTO INTL A","6158731","2018-12-22","2018","12","22","","-0.2","","-2.2","","-1.2","","19.2","","0.0","","0.0","","0.0","T","0.0","T","","","32","","61",""
"-79.63","43.68","TORONTO INTL A","6158731","2018-12-23","2018","12","23","","0.7","","-1.8","","-0.6","","18.6","","0.0","","0.0","","0.2","","0.2","","0","T","","M","","M"
"-79.63","43.68","TORONTO INTL A","6158731","2018-12-24","2018","12","24","","2.0","","-4.5","","-1.3","","19.3","","0.0","","0.0","","0.0","T","0.0","T","0","T","28","","48",""
"-79.63","43.68","TORONTO INTL A","6158731","2018-12-25","2018","12","25","","0.3","","-3.2","","-1.5","","19.5","","0.0","","0.0","","0.0","T","0.0","T","0","T","","M","","M"
"-79.63","43.68","TORONTO INTL A","6158731","2018-12-26","2018","12","26","","2.2","","-6.0","","-1.9","","19.9","","0.0","","0.0","","0.0","T","0.0","T","","","35","","39",""
"-79.63","43.68","TORONTO INTL A","6158731","2018-12-27","2018","12","27","","2.8","","-7.4","","-2.3","","20.3","","0.0","","5.4","","0.0","T","5.4","","","","11","","46",""
"-79.63","43.68","TORONTO INTL A","6158731","2018-12-28","2018","12","28","","12.4","","2.7","","7.6","","10.4","","0.0","","1.8","","0.0","","1.8","","","","27","","58",""
"-79.63","43.68","TORONTO INTL A","6158731","2018-12-29","2018","12","29","","2.7","","-7.0","","-2.2","","20.2","","0.0","","0.0","","0.0","T","0.0","T","0","T","26","","48",""
"-79.63","43.68","TORONTO INTL A","6158731","2018-12-30","2018","12","30","","0.7","","-6.6","","-3.0","","21.0","","0.0","","0.0","","1.6","","1.2","","2","","25","","33",""
"-79.63","43.68","TORONTO INTL A","6158731","2018-12-31","2018","12","31","","5.0","","-2.5","","1.3","","16.7","","0.0","","13.6","","0.0","","13.6","","0","T","11","","42",""
